frame,cpu_ms,gpu_ms,volume,shadow,sdf,pixels,distance,spp,sph,hit_ratio
0,18.4742,17.044544,29.993511,121.03947,106.66414,1440000,0.3830625,28.572704,257.6971,0.11087708
1,17.8588,16.704512,29.993612,121.033,106.66392,1440000,0.3830623,28.572153,257.69052,0.110877775
2,18.4637,17.08432,29.99378,121.03045,106.66484,1440000,0.383062,28.571812,257.6891,0.11087708
3,19.6478,17.987584,29.993023,121.023766,106.66265,1440000,0.38306177,28.57146,257.67944,0.11087986
4,18.6655,17.524736,29.992496,121.020935,106.66141,1440000,0.3830614,28.571308,257.67484,0.11088125
5,18.7711,17.422464,29.99249,121.018105,106.663055,1440000,0.3830612,28.57082,257.67365,0.11087986
6,18.4134,17.035744,29.992735,121.0156,106.66453,1440000,0.3830609,28.570374,257.67285,0.110878475
7,17.7937,17.010688,29.993267,121.01509,106.666756,1440000,0.38306063,28.570087,257.6751,0.11087639
8,19.5277,17.541216,29.992935,121.009636,106.66498,1440000,0.38306034,28.569786,257.66754,0.110878475
9,17.6403,16.732192,29.992836,121.00512,106.66395,1440000,0.38306007,28.569515,257.6619,0.11087986
10,17.6123,16.809984,29.992935,121.00118,106.66415,1440000,0.38305983,28.56911,257.65826,0.11087986
11,18.1852,17.061888,29.993193,121.00021,106.66506,1440000,0.3830596,28.568956,257.65848,0.11087917
12,18.4352,17.108896,29.99378,120.99997,106.66727,1440000,0.3830593,28.568703,257.661,0.11087708
13,18.4479,17.272832,29.99293,120.99326,106.66396,1440000,0.38305902,28.568392,257.65015,0.11088055
14,18.0378,17.338144,29.99316,120.99033,106.66483,1440000,0.38305876,28.568012,257.64832,0.11087986
15,17.7815,17.099808,29.993042,120.98552,106.66435,1440000,0.3830585,28.567589,257.6429,0.11088055
16,18.8637,17.818272,29.993456,120.98265,106.66586,1440000,0.38305825,28.567127,257.64197,0.11087917
17,17.7457,16.940864,29.993912,120.98064,106.66743,1440000,0.38305798,28.566769,257.64197,0.110877775
18,17.7694,17.178816,29.993355,120.97523,106.6658,1440000,0.38305774,28.566465,257.6344,0.11087986
19,17.289,16.721536,29.993368,120.972275,106.66602,1440000,0.38305742,28.566164,257.63165,0.11087986
20,17.2417,16.6784,29.99313,120.96542,106.66519,1440000,0.38305718,28.565641,257.62375,0.11088125
21,18.4124,17.698752,29.992609,120.95963,106.66267,1440000,0.38305697,28.56538,257.6149,0.110884026
22,18.8021,18.114752,29.993223,120.956696,106.664154,1440000,0.38305667,28.564926,257.61407,0.11088264
23,17.8374,17.236352,29.99353,120.951805,106.66445,1440000,0.38305634,28.564453,257.6098,0.11088264
24,17.8412,17.274656,29.993462,120.94762,106.66426,1440000,0.3830561,28.564137,257.60535,0.11088333
25,18.5143,17.46848,29.99331,120.94439,106.66387,1440000,0.38305584,28.5639,257.60156,0.110884026
26,17.7123,17.093216,29.992924,120.9394,106.66333,1440000,0.38305554,28.563421,257.59564,0.11088472
27,17.9748,17.39776,29.992115,120.933846,106.6618,1440000,0.3830553,28.563084,257.58777,0.110886805
28,17.4902,16.92096,29.991745,120.92985,106.66153,1440000,0.38305506,28.562748,257.58313,0.1108875
29,17.3954,16.8448,29.991377,120.9263,106.66037,1440000,0.38305476,28.562544,257.57806,0.11088889
30,17.195,16.623616,29.992365,120.92648,106.66414,1440000,0.38305452,28.562197,257.583,0.11088542
31,17.8937,17.250304,29.99256,120.92375,106.66451,1440000,0.3830543,28.561958,257.5808,0.11088542
32,17.7839,17.006592,29.992472,120.918655,106.66326,1440000,0.383054,28.561602,257.5744,0.110886805
33,18.0508,17.221632,29.992699,120.91388,106.66295,1440000,0.38305375,28.561241,257.56952,0.1108875
34,17.8379,16.985664,29.992867,120.90956,106.66267,1440000,0.38305345,28.560928,257.5651,0.1108882
35,18.0295,17.115936,29.99365,120.90884,106.664276,1440000,0.3830532,28.560755,257.56677,0.110886805
36,18.4496,17.806784,29.993969,120.906204,106.66462,1440000,0.38305292,28.560535,257.5648,0.110886805
37,17.3455,16.72256,29.993093,120.897125,106.6601,1440000,0.38305268,28.560184,257.55032,0.11089167
38,17.491,16.921792,29.992943,120.893105,106.65914,1440000,0.3830524,28.559973,257.5452,0.110893056
39,17.3087,16.747808,29.99268,120.88833,106.65808,1440000,0.38305217,28.559656,257.5391,0.11089444
40,17.5194,16.913536,29.992699,120.88437,106.65759,1440000,0.38305193,28.559341,257.53467,0.11089514
41,18.1357,17.475968,29.992693,120.88016,106.6571,1440000,0.38305163,28.558998,257.52994,0.110895835
42,18.8423,18.200576,29.99325,120.87862,106.65874,1440000,0.3830514,28.558712,257.5306,0.11089444
43,32.1313,31.516672,29.992353,120.87026,106.654915,1440000,0.38305107,28.558338,257.51752,0.110898614
44,17.3748,16.639456,29.99288,120.86742,106.65597,1440000,0.38305062,28.558016,257.51627,0.11089791
45,17.8938,17.240032,29.993093,120.85811,106.65422,1440000,0.38305038,28.55735,257.50543,0.1109
46,18.2881,17.600544,29.9936,120.85527,106.6551,1440000,0.38305008,28.55701,257.50397,0.11089931
47,17.5427,16.912384,29.993607,120.84971,106.653885,1440000,0.3830498,28.556618,257.4972,0.11090069
48,18.6502,17.291872,29.992844,120.8396,106.64932,1440000,0.38304955,28.556158,257.48175,0.11090556
49,17.9714,17.039392,29.992943,120.83471,106.64827,1440000,0.38304925,28.555868,257.47592,0.11090694
50,17.4144,16.83328,29.993011,120.829475,106.64718,1440000,0.383049,28.55553,257.46967,0.11090834
51,17.2801,16.712608,29.99345,120.82789,106.64818,1440000,0.38304877,28.555336,257.4695,0.11090764
52,18.1272,17.544864,29.994158,120.82869,106.64958,1440000,0.38304847,28.555302,257.4724,0.11090625
53,18.3143,17.733216,29.993376,120.82025,106.64523,1440000,0.38304824,28.55505,257.45886,0.11091111
54,17.7387,17.177728,29.99322,120.81655,106.64331,1440000,0.38304794,28.554943,257.45306,0.110913195
55,18.0185,17.355104,29.993206,120.81138,106.64171,1440000,0.3830477,28.554726,257.4463,0.11091528
56,17.7471,17.130976,29.993557,120.80792,106.64191,1440000,0.3830474,28.554405,257.4434,0.11091528
57,17.7546,17.175168,29.994816,120.80775,106.645546,1440000,0.38304716,28.554035,257.44812,0.11091181
58,17.73,17.0008,29.99421,120.80044,106.64251,1440000,0.38304687,28.553713,257.43716,0.11091528
59,17.8083,17.129472,29.99384,120.793655,106.64068,1440000,0.38304663,28.553255,257.42816,0.11091736
60,17.945,17.179872,29.993395,120.78899,106.63903,1440000,0.3830464,28.55304,257.42142,0.110919446
61,18.1984,17.135616,29.993551,120.78559,106.639305,1440000,0.38304612,28.552711,257.41846,0.110919446
62,18.508,17.839936,29.993313,120.78011,106.63883,1440000,0.38304588,28.552204,257.41226,0.11092014
63,18.1147,17.494048,29.99322,120.7774,106.63914,1440000,0.38304558,28.551926,257.40976,0.11092014
64,18.9463,17.35744,29.993338,120.7739,106.64067,1440000,0.38304535,28.551365,257.4079,0.11091875
65,17.6108,17.011008,29.993425,120.77247,106.64141,1440000,0.38304505,28.551119,257.40732,0.11091805
66,17.9053,17.121952,29.992956,120.76655,106.64044,1440000,0.3830448,28.55066,257.39996,0.110919446
67,18.4126,17.811936,29.992794,120.76272,106.64068,1440000,0.38304448,28.550243,257.39618,0.110919446
68,17.9688,17.273152,29.993595,120.76321,106.64445,1440000,0.38304424,28.549908,257.40125,0.110915974
69,17.9555,17.238336,29.993608,120.760445,106.64442,1440000,0.38304394,28.549603,257.39847,0.110915974
70,18.732,17.559552,29.994001,120.75665,106.64618,1440000,0.38304368,28.549063,257.39685,0.11091458
71,17.8865,17.201664,29.99441,120.75545,106.64798,1440000,0.3830434,28.548817,257.39783,0.110913195
72,18.6579,17.712768,29.994503,120.75395,106.648315,1440000,0.38304317,28.548698,257.3968,0.110913195
73,18.5891,17.11104,29.994522,120.7513,106.64855,1440000,0.38304287,28.548433,257.39438,0.110913195
74,17.4981,16.824544,29.994703,120.75007,106.65003,1440000,0.38304263,28.548122,257.3948,0.11091181
75,17.3604,16.74336,29.99449,120.74714,106.65021,1440000,0.38304234,28.547794,257.39185,0.11091181
76,18.0146,17.407616,29.993996,120.74097,106.64919,1440000,0.3830421,28.547298,257.38416,0.110913195
77,18.7663,17.925984,29.9936,120.7376,106.648056,1440000,0.38304186,28.547113,257.37927,0.11091458
78,18.5183,17.615136,29.993551,120.734474,106.64846,1440000,0.3830416,28.546806,257.3765,0.11091458
79,18.0383,17.168096,29.994295,120.734055,106.65143,1440000,0.3830413,28.546457,257.37976,0.11091181
80,17.4841,16.709024,29.99459,120.72987,106.652374,1440000,0.38304105,28.545952,257.37683,0.11091111
81,17.3811,16.758784,29.994791,120.72803,106.65317,1440000,0.38304076,28.545677,257.37598,0.110910416
82,17.4432,16.86592,29.995028,120.72392,106.65418,1440000,0.38304052,28.545185,257.37314,0.11090972
83,18.6127,17.87904,29.995247,120.72231,106.654976,1440000,0.38304028,28.544939,257.37253,0.11090903
84,18.0188,17.421504,29.994791,120.71714,106.653275,1440000,0.38303998,28.54466,257.3652,0.11091111
85,17.8054,17.241728,29.994308,120.71037,106.65234,1440000,0.38303974,28.54411,257.35703,0.1109125
86,18.272,17.704896,29.994322,120.70918,106.65322,1440000,0.38303947,28.5439,257.35672,0.11091181
87,17.9429,17.375296,29.993965,120.70485,106.65262,1440000,0.38303924,28.543491,257.35144,0.1109125
88,17.48,16.910912,29.993176,120.699455,106.65026,1440000,0.38303894,28.543259,257.3429,0.11091528
89,17.5133,16.94464,29.992819,120.69382,106.64936,1440000,0.3830387,28.54285,257.336,0.11091667
90,17.4269,16.798144,29.992624,120.69013,106.64897,1440000,0.38303846,28.542557,257.33173,0.11091736
91,17.6438,17.078304,29.993069,120.68966,106.65068,1440000,0.38303816,28.542385,257.3334,0.110915974
92,17.9559,17.398912,29.993752,120.68737,106.65316,1440000,0.38303792,28.541946,257.3343,0.11091389
93,17.7985,17.170432,29.993132,120.68137,106.64993,1440000,0.38303766,28.541748,257.32443,0.11091736
94,18.1086,17.471008,29.992838,120.67598,106.64817,1440000,0.3830374,28.541456,257.317,0.110919446
95,17.5655,16.886016,29.993093,120.67403,106.64848,1440000,0.38303715,28.541302,257.3156,0.110919446
96,17.5742,16.927328,29.992638,120.66638,106.646034,1440000,0.38303685,28.540848,257.30505,0.110922225
97,19.5253,18.582944,29.993458,120.66361,106.6483,1440000,0.38303664,28.540348,257.30536,0.11092014
98,17.9199,17.270784,29.993626,120.66068,106.64855,1440000,0.38303635,28.54007,257.30286,0.11092014
99,17.6381,17.041152,29.99354,120.65634,106.647545,1440000,0.3830361,28.539825,257.29742,0.110921524
100,17.6404,16.9472,29.993652,120.65266,106.64697,1440000,0.3830358,28.539543,257.29327,0.110922225
101,18.4427,17.182304,29.99399,120.65112,106.647285,1440000,0.3830356,28.539444,257.2924,0.110922225
102,17.9331,16.820352,29.993916,120.64657,106.646355,1440000,0.38303527,28.539185,257.28683,0.11092361
103,17.4558,16.887808,29.99402,120.64318,106.64615,1440000,0.38303503,28.538979,257.28336,0.1109243
104,17.344,16.772224,29.993946,120.63764,106.645065,1440000,0.38303483,28.538591,257.27667,0.1109257
105,17.6655,17.002496,29.993526,120.630714,106.64265,1440000,0.38303453,28.53822,257.26688,0.110928476
106,17.374,16.73856,29.993683,120.62802,106.643,1440000,0.3830343,28.53798,257.2647,0.110928476
107,17.4336,16.85088,29.993715,120.6264,106.64327,1440000,0.38303405,28.537836,257.2634,0.110928476
108,17.6444,16.878432,29.993984,120.622154,106.644165,1440000,0.38303378,28.537313,257.2603,0.110927776
109,17.7968,16.982016,29.994102,120.61872,106.64458,1440000,0.38303354,28.536991,257.2574,0.110927776
110,18.156,17.405952,29.993908,120.61521,106.64407,1440000,0.38303328,28.536705,257.25317,0.110928476
111,18.0873,17.016448,29.993263,120.60867,106.6417,1440000,0.38303304,28.536358,257.24362,0.11093125
112,18.3429,17.134336,29.993063,120.60715,106.64064,1440000,0.38303274,28.536407,257.24084,0.11093264
113,17.2735,16.700928,29.993408,120.60462,106.641785,1440000,0.3830325,28.536114,257.2398,0.11093195
114,17.3432,16.778176,29.99312,120.599335,106.64068,1440000,0.38303223,28.535728,257.23312,0.11093333
115,17.3507,16.764992,29.993258,120.596756,106.64163,1440000,0.383032,28.535385,257.23163,0.11093264
116,18.0775,17.387456,29.992983,120.592735,106.64127,1440000,0.38303176,28.535048,257.227,0.11093333
117,18.8557,18.098592,29.993277,120.5897,106.643036,1440000,0.3830315,28.53458,257.226,0.11093195
118,17.4398,16.83424,29.992914,120.58587,106.642685,1440000,0.38303125,28.534256,257.22147,0.11093264
119,17.5704,16.968768,29.99215,120.58115,106.64084,1440000,0.38303098,28.533981,257.21414,0.11093472
120,17.5048,16.95264,29.991957,120.57657,106.64089,1440000,0.3830307,28.533455,257.2094,0.11093472
121,17.4871,16.906144,29.991869,120.57365,106.64119,1440000,0.3830305,28.533154,257.20673,0.11093472
122,17.343,16.754688,29.991894,120.572685,106.64219,1440000,0.3830302,28.532982,257.20676,0.11093403
123,17.676,16.723168,29.992237,120.57155,106.64459,1440000,0.38302997,28.532625,257.20837,0.11093195
124,17.6917,16.942592,29.992758,120.570366,106.64684,1440000,0.38302976,28.532265,257.20996,0.11092986
125,17.846,17.004384,29.992926,120.56825,106.64766,1440000,0.38302946,28.531963,257.20883,0.11092917
126,17.4125,16.85872,29.992432,120.561935,106.64584,1440000,0.38302922,28.53154,257.2002,0.11093125
127,17.5679,16.978944,29.992569,120.56096,106.64663,1440000,0.38302898,28.531357,257.20016,0.110930555
128,17.5779,17.00864,29.99267,120.55945,106.64757,1440000,0.3830287,28.531126,257.1997,0.11092986
129,17.6784,17.005472,29.993158,120.55802,106.64983,1440000,0.38302848,28.530737,257.20102,0.110927776
130,17.6218,16.952896,29.99377,120.55705,106.65215,1440000,0.38302824,28.530418,257.20297,0.1109257
131,17.5153,16.908288,29.994465,120.55712,106.65494,1440000,0.38302797,28.530098,257.20654,0.11092292
132,18.0339,17.008864,29.994333,120.55491,106.65448,1440000,0.38302773,28.529966,257.20374,0.11092361
133,18.1489,17.559136,29.994184,120.55161,106.654,1440000,0.38302743,28.529709,257.1998,0.1109243
134,18.305,17.295808,29.993776,120.54646,106.65292,1440000,0.38302723,28.529331,257.19318,0.1109257
135,18.253,17.657856,29.993502,120.54276,106.65209,1440000,0.38302693,28.529156,257.18835,0.11092708
136,18.3073,17.79552,29.99327,120.53781,106.651184,1440000,0.3830267,28.528835,257.18225,0.110928476
137,17.8329,17.254592,29.992851,120.533844,106.64956,1440000,0.38302642,28.528704,257.17627,0.110930555
138,17.7685,17.183744,29.99233,120.528496,106.64726,1440000,0.38302618,28.528513,257.1681,0.11093333
139,17.3026,16.70576,29.993233,120.529175,106.65008,1440000,0.38302588,28.528286,257.1725,0.110930555
140,17.7372,16.910336,29.993038,120.523445,106.64923,1440000,0.38302568,28.527893,257.1657,0.11093195
141,18.3691,17.484096,29.993307,120.52124,106.64989,1440000,0.3830254,28.527573,257.16443,0.11093125
142,18.0045,17.282048,29.993828,120.519585,106.65165,1440000,0.38302517,28.527285,257.16507,0.11092986
143,18.713,17.526784,29.993765,120.515785,106.65126,1440000,0.38302493,28.52699,257.16083,0.110930555
144,17.9438,17.15728,29.99295,120.50751,106.6474,1440000,0.3830246,28.526627,257.14786,0.11093472
145,17.4607,16.889888,29.993046,120.50309,106.646416,1440000,0.38302436,28.526394,257.14255,0.11093611
146,17.77,17.21344,29.992945,120.499306,106.645355,1440000,0.38302413,28.526203,257.1376,0.1109375
147,17.6748,17.097664,29.992294,120.49208,106.64239,1440000,0.38302392,28.52589,257.12677,0.11094097
148,17.7091,17.13888,29.992163,120.48779,106.64119,1440000,0.38302362,28.525627,257.12115,0.110942364
149,17.5667,16.998368,29.992039,120.48388,106.64087,1440000,0.3830234,28.525322,257.1168,0.11094306
150,17.2752,16.736256,29.992514,120.48231,106.642365,1440000,0.38302314,28.52501,257.1172,0.11094166
151,18.0884,17.421408,29.99269,120.47898,106.64258,1440000,0.3830229,28.524681,257.11426,0.11094166
152,18.0484,17.434528,29.993095,120.47798,106.64353,1440000,0.38302264,28.524548,257.1146,0.11094097
153,18.9484,18.3352,29.992615,120.47278,106.641075,1440000,0.3830224,28.524357,257.10648,0.11094375
154,18.4988,17.686528,29.99307,120.47283,106.642624,1440000,0.38302213,28.524227,257.10852,0.110942364
155,17.9903,17.366144,29.993101,120.46903,106.64228,1440000,0.3830219,28.52395,257.1044,0.11094306
156,17.9354,17.27472,29.992851,120.46467,106.64109,1440000,0.38302162,28.523663,257.0986,0.11094444
157,17.4008,16.80384,29.992914,120.46199,106.64155,1440000,0.38302138,28.523424,257.09647,0.11094444
158,17.0711,16.529248,29.992928,120.46042,106.64161,1440000,0.38302112,28.523258,257.09494,0.11094444
159,17.4802,16.947008,29.992851,120.4564,106.64142,1440000,0.38302088,28.52296,257.09067,0.110945135
160,18.3408,17.67424,29.992859,120.4527,106.64088,1440000,0.38302067,28.522667,257.08643,0.110945836
161,17.7372,17.082368,29.992971,120.44784,106.640465,1440000,0.38302037,28.522274,257.08127,0.11094653
162,17.5152,16.961632,29.993677,120.44679,106.642715,1440000,0.38302016,28.521952,257.0832,0.11094444
163,17.7278,17.141472,29.99396,120.44407,106.64373,1440000,0.3830199,28.521614,257.08176,0.11094375
164,18.2676,17.600512,29.994135,120.44037,106.64475,1440000,0.38301966,28.521156,257.07925,0.11094306
165,17.47,16.855136,29.993847,120.43528,106.643654,1440000,0.38301936,28.520798,257.07278,0.11094444
166,17.1432,16.595456,29.993471,120.43117,106.642654,1440000,0.38301915,28.520544,257.0673,0.110945836
167,17.2922,16.744512,29.992851,120.426926,106.6407,1440000,0.38301894,28.520325,257.0605,0.110947914
168,17.7234,17.164224,29.992508,120.42442,106.64029,1440000,0.38301864,28.520142,257.05722,0.110948615
169,18.251,17.601184,29.99247,120.42152,106.64051,1440000,0.38301843,28.51984,257.0545,0.110948615
170,18.1306,17.52064,29.993128,120.4217,106.64264,1440000,0.38301814,28.519634,257.05746,0.11094653
171,18.6739,17.766656,29.99314,120.4183,106.643074,1440000,0.38301793,28.519306,257.0545,0.11094653
172,18.6693,17.565696,29.992458,120.4131,106.640594,1440000,0.38301766,28.519093,257.04614,0.11094931
173,17.6492,17.074912,29.99239,120.40883,106.64005,1440000,0.3830174,28.51873,257.04126,0.11095
174,17.5492,16.998912,29.992582,120.40555,106.6404,1440000,0.38301715,28.518425,257.03854,0.11095
175,17.2771,16.710848,29.992933,120.40509,106.641335,1440000,0.38301688,28.518337,257.03937,0.11094931
176,17.5226,16.910656,29.992565,120.39897,106.63975,1440000,0.38301665,28.517979,257.03128,0.11095139
177,18.1297,17.401856,29.992489,120.39536,106.639366,1440000,0.3830164,28.517706,257.02722,0.11095209
178,18.4859,17.5104,29.992783,120.392815,106.6402,1440000,0.38301617,28.517368,257.0258,0.11095139
179,19.0724,17.092768,29.992182,120.38717,106.6378,1440000,0.3830159,28.517124,257.01715,0.110954165
180,17.6413,17.043296,29.9922,120.384315,106.63752,1440000,0.38301563,28.516956,257.01404,0.11095486
181,17.6671,16.958752,29.992107,120.38051,106.63714,1440000,0.3830154,28.51666,257.00977,0.11095556
182,18.1195,16.990208,29.99244,120.37961,106.63868,1440000,0.38301513,28.51641,257.0107,0.110954165
183,17.3968,16.812032,29.993153,120.37981,106.64172,1440000,0.38301492,28.516136,257.01468,0.11095139
184,17.7716,17.154048,29.993652,120.37915,106.64382,1440000,0.38301468,28.515816,257.01663,0.11094931
185,17.9263,17.376032,29.993603,120.37497,106.64399,1440000,0.3830144,28.515366,257.01257,0.11094931
186,17.4849,16.906336,29.993835,120.373024,106.644844,1440000,0.38301417,28.51509,257.0117,0.110948615
187,17.6022,17.046112,29.993666,120.369064,106.64435,1440000,0.38301393,28.514757,257.00708,0.11094931
188,17.6087,17.074176,29.993896,120.3664,106.64528,1440000,0.38301367,28.514412,257.00555,0.110948615
189,17.5537,16.983488,29.994047,120.364456,106.64566,1440000,0.38301343,28.514256,257.00415,0.110948615
190,17.5869,17.042656,29.99361,120.359406,106.64393,1440000,0.38301322,28.51399,256.99695,0.11095069
191,17.5513,16.715584,29.994179,120.359276,106.64528,1440000,0.38301295,28.513832,256.99872,0.11094931
192,17.6311,17.06368,29.994066,120.354836,106.64414,1440000,0.3830127,28.513557,256.99304,0.11095069
193,18.6283,17.967104,29.99433,120.351585,106.64437,1440000,0.38301247,28.513248,256.9903,0.11095069
194,17.9672,17.414336,29.99473,120.350235,106.64515,1440000,0.3830122,28.513054,256.9901,0.11095
195,17.5891,16.905664,29.99496,120.34684,106.64554,1440000,0.383012,28.512745,256.98734,0.11095
196,17.4899,16.945152,29.995125,120.344475,106.64581,1440000,0.3830117,28.512531,256.9854,0.11095
197,18.0035,17.478464,29.994774,120.33974,106.64419,1440000,0.3830115,28.512321,256.9787,0.11095209
198,18.1118,17.451008,29.995005,120.33792,106.644905,1440000,0.38301128,28.512047,256.97784,0.11095139
199,17.5557,16.947584,29.995356,120.33551,106.646576,1440000,0.38301098,28.511648,256.97745,0.11095
200,17.2724,16.730112,29.994085,120.32494,106.64147,1440000,0.38301077,28.511194,256.9605,0.11095556
201,17.736,17.187552,29.994217,120.32258,106.64166,1440000,0.3830105,28.51097,256.95847,0.11095556
202,18.1418,17.281024,29.99383,120.31747,106.64002,1440000,0.3830103,28.510712,256.95132,0.11095764
203,18.2455,17.469216,29.993773,120.312904,106.63938,1440000,0.38301003,28.510307,256.94604,0.11095833
204,18.054,17.432576,29.993528,120.309395,106.63823,1440000,0.3830098,28.510118,256.94116,0.11095972
205,17.3763,16.809984,29.993948,120.30845,106.63995,1440000,0.38300955,28.509895,256.94235,0.11095833
206,17.6603,17.029664,29.994936,120.31093,106.64443,1440000,0.3830093,28.509708,256.9503,0.110954165
207,17.4817,16.859136,29.995068,120.31077,106.6455,1440000,0.38300905,28.509644,256.95132,0.11095347
208,17.5083,16.704096,29.994505,120.30599,106.64457,1440000,0.38300884,28.509304,256.94507,0.11095486
209,18.1111,16.900352,29.99383,120.30057,106.64281,1440000,0.38300857,28.508966,256.9372,0.110956945
210,17.1382,16.55184,29.992796,120.29425,106.6403,1440000,0.38300836,28.508587,256.92734,0.11095972
211,18.9671,18.33984,29.99259,120.29134,106.64047,1440000,0.38300812,28.508263,256.9244,0.11095972
212,18.3018,17.661696,29.992584,120.28856,106.64131,1440000,0.38300785,28.507866,256.92245,0.11095903
213,18.3303,17.719104,29.99239,120.28606,106.641464,1440000,0.3830076,28.507584,256.91992,0.11095903
214,17.0838,16.536512,29.992834,120.28706,106.64359,1440000,0.38300738,28.507446,256.9235,0.110956945
215,18.0833,17.514624,29.992277,120.28346,106.64173,1440000,0.3830071,28.507313,256.91748,0.11095903
216,17.3387,16.799744,29.992071,120.27873,106.64106,1440000,0.3830069,28.506868,256.91187,0.11095972
217,17.3886,16.756736,29.992233,120.275826,106.64195,1440000,0.3830067,28.506485,256.91003,0.11095903
218,17.4342,16.87312,29.992752,120.27584,106.64342,1440000,0.38300642,28.50635,256.912,0.11095764
219,17.4466,16.908288,29.99262,120.27252,106.642166,1440000,0.38300622,28.506187,256.9073,0.11095903
220,17.4814,16.734784,29.992346,120.26731,106.64041,1440000,0.383006,28.505919,256.9001,0.11096111
221,17.2781,16.712864,29.992785,120.265594,106.6413,1440000,0.38300574,28.505695,256.89966,0.11096042
222,17.5659,16.892288,29.992395,120.26042,106.63956,1440000,0.38300553,28.50542,256.8924,0.1109625
223,19.188,18.630208,29.991983,120.25581,106.637794,1440000,0.38300526,28.505203,256.8856,0.11096458
224,17.4393,16.82432,29.991539,120.25001,106.63536,1440000,0.38300505,28.504951,256.8769,0.11096736
225,18.4561,17.762432,29.991945,120.24761,106.63614,1440000,0.38300478,28.50464,256.8757,0.11096667
226,17.4546,16.888992,29.992859,120.2466,106.63848,1440000,0.38300458,28.504353,256.87793,0.11096458
227,18.01,17.290848,29.992884,120.243004,106.63737,1440000,0.3830043,28.504192,256.87326,0.110965975
228,18.6579,17.65728,29.992878,120.23998,106.63621,1440000,0.3830041,28.504082,256.86908,0.11096736
229,18.0647,17.37264,29.993235,120.23751,106.63646,1440000,0.38300383,28.503876,256.8672,0.11096736
230,18.4781,17.827776,29.993673,120.23544,106.636475,1440000,0.38300362,28.503696,256.8656,0.11096736
231,17.6964,17.129376,29.992842,120.22776,106.632744,1440000,0.38300335,28.503408,256.85333,0.110971525
232,17.6843,16.993664,29.992046,120.22126,106.62899,1440000,0.38300315,28.50325,256.8423,0.1109757
233,17.6976,17.09056,29.992266,120.21953,106.62916,1440000,0.38300294,28.503103,256.84094,0.1109757
234,17.0089,16.471488,29.992628,120.21904,106.62977,1440000,0.38300267,28.50298,256.84143,0.110975
235,17.4728,16.921184,29.992516,120.215675,106.62894,1440000,0.38300243,28.502857,256.83713,0.11097639
236,17.9503,17.408,29.992252,120.209854,106.62706,1440000,0.3830022,28.50251,256.82916,0.11097847
237,17.7783,17.225536,29.992592,120.20802,106.62745,1440000,0.38300192,28.502386,256.82806,0.11097847
238,17.5495,17.008672,29.992804,120.205284,106.62774,1440000,0.38300174,28.502138,256.82584,0.11097847
239,17.2802,16.730496,29.992466,120.20114,106.6266,1440000,0.38300148,28.50187,256.8202,0.11097986
240,17.472,16.85968,29.99293,120.19984,106.628174,1440000,0.38300127,28.501595,256.82092,0.11097847
241,18.4643,17.857024,29.992935,120.197975,106.62845,1440000,0.38300106,28.50142,256.81937,0.11097847
242,17.4672,16.902144,29.992905,120.19591,106.62879,1440000,0.3830008,28.501225,256.8176,0.11097847
243,17.6045,17.05936,29.991909,120.18912,106.62501,1440000,0.38300058,28.50101,256.80603,0.11098264
244,17.6985,17.150048,29.991873,120.18566,106.624565,1440000,0.3830003,28.500755,256.8021,0.110983334
245,17.5642,17.000576,29.991917,120.181305,106.62415,1440000,0.3830001,28.500406,256.79736,0.11098403
246,17.9204,17.37728,29.99231,120.18092,106.625015,1440000,0.38299987,28.500324,256.79825,0.110983334
247,18.7281,18.061152,29.992304,120.17695,106.62421,1440000,0.38299966,28.50015,256.79346,0.11098472
248,17.7856,17.180448,29.992743,120.175415,106.62515,1440000,0.3829994,28.499956,256.7933,0.11098403
249,18.1698,16.994656,29.992773,120.17169,106.62483,1440000,0.38299918,28.499691,256.7893,0.11098472
250,17.5888,17.036288,29.99243,120.169205,106.62374,1440000,0.3829989,28.49961,256.78537,0.11098611
251,18.0383,17.474432,29.99161,120.16373,106.62122,1440000,0.3829987,28.499344,256.77655,0.110988885
252,18.88,18.325504,29.991497,120.1623,106.62144,1440000,0.38299847,28.499199,256.77524,0.110988885
253,18.1079,17.646304,29.992191,120.16376,106.624306,1440000,0.38299826,28.499043,256.78024,0.11098611
254,17.6929,17.13424,29.992441,120.16266,106.625145,1440000,0.382998,28.498863,256.78024,0.11098541
255,17.6767,16.991968,29.991596,120.15612,106.62191,1440000,0.3829978,28.498575,256.76962,0.110988885
256,17.5951,16.992576,29.991629,120.153946,106.62193,1440000,0.38299754,28.49834,256.76752,0.110988885
257,17.6069,17.064864,29.99251,120.15478,106.624954,1440000,0.38299733,28.498152,256.77225,0.11098611
258,17.5372,16.905984,29.993061,120.153435,106.62637,1440000,0.38299713,28.497866,256.7729,0.11098472
259,17.3858,16.683008,29.993086,120.1513,106.62659,1440000,0.3829969,28.497654,256.77097,0.11098472
260,17.322,16.754688,29.992817,120.14859,106.626144,1440000,0.38299668,28.497456,256.76755,0.11098541
261,18.5606,17.916416,29.993286,120.14825,106.62818,1440000,0.38299647,28.497158,256.7697,0.110983334
262,17.639,16.969984,29.99338,120.145096,106.628975,1440000,0.38299623,28.496729,256.76746,0.11098264
263,17.8715,17.295936,29.992123,120.13669,106.6245,1440000,0.38299596,28.496408,256.7533,0.1109875
264,17.3217,16.765216,29.991848,120.13112,106.62336,1440000,0.38299575,28.49599,256.74634,0.110988885
265,17.6582,17.105504,29.992186,120.12937,106.62431,1440000,0.38299558,28.495762,256.74585,0.11098819
266,17.1733,16.638368,29.992605,120.12842,106.6251,1440000,0.3829953,28.495611,256.74612,0.1109875
267,18.6673,18.062368,29.992704,120.12244,106.623985,1440000,0.3829951,28.49519,256.73914,0.110988885
268,18.3796,17.69984,29.991892,120.11512,106.620125,1440000,0.38299486,28.494928,256.72714,0.11099306
269,18.8915,18.257696,29.992197,120.11252,106.620186,1440000,0.38299465,28.494682,256.7249,0.11099306
270,17.2862,16.723872,29.992517,120.11201,106.62122,1440000,0.3829944,28.494598,256.72574,0.110992365
271,17.5392,17.006592,29.992468,120.10949,106.62071,1440000,0.3829942,28.494432,256.72266,0.11099306
272,17.3008,16.776864,29.99268,120.10722,106.62145,1440000,0.38299397,28.49411,256.72134,0.110992365
273,17.5033,16.760096,29.992292,120.10288,106.62038,1440000,0.38299376,28.493822,256.71555,0.11099375
274,17.8199,17.101952,29.991941,120.09848,106.619286,1440000,0.38299355,28.49353,256.70972,0.110995136
275,17.4034,16.829088,29.992155,120.09754,106.620224,1440000,0.38299328,28.493374,256.7099,0.11099444
276,17.9073,17.30992,29.991747,120.09317,106.61875,1440000,0.3829931,28.493217,256.70367,0.11099653
277,18.2153,17.55984,29.99181,120.09061,106.6191,1440000,0.38299283,28.492977,256.7015,0.11099653
278,17.7423,17.135872,29.99198,120.08787,106.619415,1440000,0.38299266,28.492727,256.69928,0.11099653
279,17.1913,16.644096,29.992287,120.086525,106.61948,1440000,0.3829924,28.492619,256.6983,0.11099653
280,17.7485,17.20992,29.992798,120.08469,106.62047,1440000,0.38299218,28.492405,256.69794,0.11099584
281,17.9972,17.36704,29.992273,120.07933,106.617256,1440000,0.382992,28.492287,256.68887,0.11099931
282,17.5264,16.926752,29.992512,120.07665,106.61679,1440000,0.38299176,28.492142,256.68597,0.111
283,18.0406,17.504256,29.993017,120.07427,106.61697,1440000,0.38299155,28.491951,256.68427,0.111
284,17.6289,17.091296,29.993374,120.07315,106.61706,1440000,0.38299128,28.491875,256.6836,0.111
285,17.34,16.802912,29.9935,120.067764,106.616,1440000,0.3829911,28.491531,256.67725,0.11100139
286,17.7659,16.769024,29.993368,120.06375,106.61482,1440000,0.38299087,28.491299,256.67194,0.11100278
287,17.8747,17.03072,29.993963,120.0616,106.61643,1440000,0.38299066,28.490948,256.672,0.11100139
288,17.3269,16.74384,29.99372,120.05896,106.61523,1440000,0.38299045,28.490849,256.6679,0.11100278
289,17.4642,16.918528,29.993319,120.05505,106.61345,1440000,0.38299024,28.490711,256.6618,0.11100486
290,17.3673,16.822656,29.993774,120.05482,106.61488,1440000,0.38298997,28.490536,256.66345,0.11100347
291,18.248,17.695456,29.992456,120.04779,106.609695,1440000,0.3829898,28.490461,256.64996,0.111009024
292,17.8615,17.197056,29.991787,120.04124,106.60645,1440000,0.38298953,28.490189,256.63947,0.1110125
293,17.654,17.053696,29.991667,120.03732,106.60551,1440000,0.38298935,28.489992,256.6345,0.11101389
294,17.7326,17.182208,29.991268,120.033356,106.60363,1440000,0.3829891,28.489834,256.62827,0.111015975
295,17.7075,17.139712,29.991943,120.0325,106.60522,1440000,0.3829889,28.489635,256.62967,0.11101458
296,17.6937,16.99424,29.992224,120.0301,106.60546,1440000,0.3829887,28.489426,256.62778,0.11101458
297,17.9436,17.273408,29.99213,120.027,106.60433,1440000,0.38298845,28.489304,256.62347,0.111015975
298,17.3764,16.756736,29.992537,120.02632,106.60519,1440000,0.38298824,28.48919,256.62405,0.111015275
299,17.9063,17.199104,29.993214,120.02565,106.6072,1440000,0.38298804,28.488876,256.62607,0.1110132
300,17.4815,16.874304,29.993063,120.022095,106.60601,1440000,0.38298786,28.488693,256.62115,0.11101458
301,17.4377,16.86256,29.992863,120.01756,106.60409,1440000,0.38298762,28.488487,256.6145,0.11101667
302,17.5181,16.930112,29.993382,120.01531,106.60414,1440000,0.3829874,28.4883,256.61285,0.11101667
303,18.1998,17.561024,29.99337,120.01134,106.60323,1440000,0.38298717,28.488113,256.60794,0.111018054
304,17.7612,17.051648,29.993301,120.007095,106.602135,1440000,0.38298696,28.48787,256.60254,0.11101945
305,18.3008,17.639328,29.993626,120.004654,106.60309,1440000,0.38298678,28.487564,256.60138,0.11101875
306,17.8144,17.277568,29.99322,119.9994,106.601135,1440000,0.38298655,28.487253,256.59375,0.11102083
307,17.2273,16.70128,29.992613,119.9939,106.598885,1440000,0.3829863,28.487038,256.5854,0.11102361
308,18.0234,17.473408,29.993357,119.9937,106.60174,1440000,0.38298613,28.486702,256.5888,0.11102083
309,18.0531,17.48256,29.993307,119.99222,106.60189,1440000,0.38298592,28.48655,256.5874,0.11102083
310,18.4305,17.834368,29.993664,119.991646,106.60347,1440000,0.38298568,28.486343,256.58878,0.11101945
311,17.8148,17.332512,29.993507,119.98623,106.60254,1440000,0.3829855,28.485977,256.58228,0.11102083
312,17.5168,16.92672,29.993889,119.98446,106.60353,1440000,0.38298526,28.485756,256.58188,0.11102014
313,17.3696,16.791552,29.993858,119.98076,106.60219,1440000,0.3829851,28.48555,256.57678,0.111021526
314,17.7555,17.110432,29.994207,119.97851,106.60319,1440000,0.38298485,28.485271,256.5759,0.11102083
315,18.1383,17.223584,29.994638,119.97773,106.60408,1440000,0.38298464,28.485153,256.57645,0.11102014
316,18.0127,17.028608,29.994339,119.974304,106.60241,1440000,0.3829844,28.485088,256.57104,0.11102222
317,18.3497,17.754336,29.994171,119.970825,106.60127,1440000,0.38298422,28.484915,256.56628,0.11102361
318,17.3931,16.823168,29.99412,119.966095,106.60019,1440000,0.38298398,28.48462,256.56042,0.111025
319,17.6954,17.098752,29.994059,119.96143,106.599236,1440000,0.3829838,28.484344,256.55472,0.11102639
320,17.3112,16.77312,29.99387,119.95938,106.59825,1440000,0.3829836,28.484344,256.5515,0.11102778
321,17.6934,17.153504,29.993713,119.95699,106.597115,1440000,0.3829834,28.484291,256.54782,0.11102916
322,18.0164,17.37728,29.994646,119.95807,106.600105,1440000,0.3829832,28.484135,256.55283,0.11102639
323,18.4624,17.844288,29.994858,119.95621,106.60031,1440000,0.38298297,28.483973,256.5514,0.11102639
324,19.0437,18.435648,29.99514,119.9531,106.60095,1440000,0.3829828,28.483551,256.5492,0.11102569
325,18.8056,18.189792,29.995234,119.95254,106.601036,1440000,0.38298255,28.48351,256.5488,0.11102569
326,19.0535,18.27376,29.995115,119.95029,106.60073,1440000,0.38298234,28.48339,256.54614,0.11102639
327,18.0419,17.381376,29.994577,119.94563,106.598885,1440000,0.3829821,28.483143,256.5391,0.11102847
328,18.3904,17.73904,29.99384,119.94008,106.59641,1440000,0.3829819,28.482883,256.53033,0.11103125
329,18.4416,17.7128,29.993471,119.93716,106.5954,1440000,0.38298172,28.482761,256.52603,0.11103264
330,17.769,17.033952,29.993696,119.93673,106.596275,1440000,0.38298148,28.482658,256.5267,0.11103194
331,18.1886,17.295008,29.993507,119.934326,106.59583,1440000,0.3829813,28.4825,256.52365,0.11103264
332,24.9766,24.213504,29.993658,119.93409,106.59667,1440000,0.3829811,28.482405,256.5244,0.11103194
333,17.5174,16.758784,29.993502,119.93045,106.59626,1440000,0.38298082,28.482117,256.5202,0.11103264
334,17.9189,17.137664,29.993408,119.928276,106.59584,1440000,0.38298059,28.481997,256.51752,0.111033335
335,17.6671,17.088832,29.994284,119.93043,106.59935,1440000,0.3829804,28.48183,256.52405,0.11102986
336,17.9311,17.371136,29.993671,119.92562,106.59679,1440000,0.38298023,28.481657,256.51608,0.11103264
337,17.4596,16.92672,29.994259,119.92668,106.599075,1440000,0.38298002,28.48156,256.52002,0.111030556
338,17.3861,16.846016,29.994146,119.92372,106.59873,1440000,0.3829798,28.48136,256.5166,0.11103125
339,17.4631,16.93856,29.99382,119.92112,106.59736,1440000,0.3829796,28.481236,256.5123,0.11103264
340,17.9383,17.309216,29.993221,119.91757,106.59497,1440000,0.38297942,28.481224,256.50577,0.111035414
341,18.0724,17.413472,29.993383,119.91637,106.59519,1440000,0.3829792,28.481134,256.50494,0.111035414
342,17.4999,16.830464,29.993265,119.91202,106.59421,1440000,0.38297904,28.480885,256.4995,0.11103681
343,17.972,17.409728,29.993427,119.911316,106.594345,1440000,0.3829788,28.480839,256.49908,0.11103681
344,17.554,17.011616,29.994183,119.9114,106.59669,1440000,0.38297862,28.48066,256.50226,0.11103472
345,17.2992,16.624928,29.99422,119.90886,106.596985,1440000,0.38297844,28.480415,256.50006,0.11103472
346,17.9379,17.306624,29.993889,119.90567,106.59586,1440000,0.38297823,28.480255,256.49542,0.111036114
347,18.0784,17.129472,29.993477,119.900635,106.59409,1440000,0.38297805,28.479986,256.4882,0.11103819
348,17.5693,17.025472,29.993803,119.898834,106.595055,1440000,0.3829778,28.479752,256.4877,0.1110375
349,19.6179,18.49728,29.993633,119.89463,106.59399,1440000,0.38297763,28.479504,256.48224,0.111038886
350,18.269,17.078272,29.993109,119.88974,106.591446,1440000,0.3829774,28.479334,256.4743,0.111041665
351,17.5889,16.863232,29.99424,119.88988,106.59492,1440000,0.38297725,28.47897,256.47903,0.11103819
352,18.6089,17.763712,29.99444,119.8879,106.59503,1440000,0.382977,28.478783,256.47736,0.11103819
353,17.4325,16.891776,29.994333,119.884285,106.593895,1440000,0.38297686,28.478601,256.4725,0.11103959
354,17.4469,16.857344,29.994547,119.88317,106.59412,1440000,0.38297665,28.478527,256.47183,0.11103959
355,17.2627,16.73216,29.99429,119.87819,106.59151,1440000,0.38297647,28.478365,256.464,0.11104236
356,18.1568,17.524736,29.99396,119.873924,106.58905,1440000,0.38297626,28.478294,256.45694,0.11104514
357,18.0823,17.399232,29.993465,119.867966,106.58579,1440000,0.38297608,28.478107,256.44724,0.11104861
358,17.7455,17.047552,29.99379,119.86531,106.58585,1440000,0.38297588,28.477856,256.44495,0.11104861
359,17.8035,17.113792,29.993877,119.862976,106.58521,1440000,0.3829757,28.477715,256.44208,0.1110493
360,18.1866,17.535072,29.993484,119.85775,106.58329,1440000,0.3829755,28.47741,256.4345,0.11105139
361,17.4822,16.914432,29.993603,119.856995,106.58415,1440000,0.3829753,28.477257,256.43475,0.111050695
362,18.0648,17.43712,29.993515,119.85451,106.58415,1440000,0.3829751,28.47697,256.4322,0.111050695
363,17.3081,16.733824,29.992308,119.84677,106.580444,1440000,0.38297492,28.476635,256.41953,0.11105486
364,17.6056,17.068512,29.992434,119.84745,106.5812,1440000,0.38297477,28.47663,256.42108,0.11105417
365,17.3569,16.64144,29.99199,119.84461,106.58004,1440000,0.38297454,28.476492,256.41666,0.11105555
366,18.394,17.533408,29.992846,119.84763,106.58427,1440000,0.3829744,28.476324,256.42474,0.11105139
367,18.99,18.27376,29.992208,119.84382,106.58249,1440000,0.38297418,28.476166,256.41852,0.111053474
368,17.823,17.217952,29.992878,119.846016,106.58523,1440000,0.38297394,28.476078,256.42413,0.111050695
369,17.9366,16.735392,29.993309,119.84704,106.58768,1440000,0.38297376,28.475977,256.42804,0.11104861
370,17.4026,16.871104,29.992558,119.842514,106.585846,1440000,0.38297355,28.475721,256.4209,0.111050695
371,17.6653,17.129088,29.992977,119.843285,106.588104,1440000,0.38297337,28.47557,256.42438,0.11104861
372,17.0896,16.54784,29.993608,119.84434,106.59024,1440000,0.3829732,28.47546,256.4282,0.11104653
373,17.8994,17.361344,29.99379,119.84387,106.59115,1440000,0.38297302,28.47535,256.4288,0.11104583
374,18.1058,17.5744,29.993158,119.83862,106.58878,1440000,0.3829728,28.475147,256.42056,0.11104861
375,17.972,17.42848,29.993427,119.83648,106.58968,1440000,0.38297263,28.474861,256.4196,0.111047916
376,18.0805,17.518592,29.993177,119.83283,106.588524,1440000,0.38297245,28.474657,256.41452,0.1110493
377,17.5552,17.0152,29.994228,119.83533,106.592674,1440000,0.38297227,28.474442,256.42224,0.11104514
378,17.0802,16.548864,29.994146,119.832924,106.592865,1440000,0.3829721,28.474186,256.41992,0.11104514
379,18.5154,17.860608,29.994316,119.831184,106.59446,1440000,0.3829719,28.473835,256.41995,0.11104375
380,18.9184,18.280352,29.994715,119.8314,106.596596,1440000,0.3829717,28.473606,256.4227,0.111041665
381,17.3312,16.777664,29.994204,119.82874,106.59547,1440000,0.38297153,28.473484,256.41843,0.11104306
382,18.3563,17.823648,29.99394,119.82652,106.59491,1440000,0.38297135,28.473324,256.41537,0.11104375
383,17.9766,17.416192,29.993877,119.82477,106.59522,1440000,0.38297117,28.473158,256.41388,0.11104375
384,17.3848,16.707584,29.993639,119.823166,106.594604,1440000,0.382971,28.473063,256.4114,0.111044444
385,17.8722,17.020928,29.994522,119.82469,106.59824,1440000,0.38297078,28.472843,256.41745,0.11104097
386,18.5991,17.534432,29.994358,119.821,106.59759,1440000,0.38297063,28.472519,256.41293,0.111041665
387,17.9117,16.953728,29.994265,119.81902,106.59777,1440000,0.38297042,28.472313,256.41107,0.111041665
388,17.6235,16.881056,29.993578,119.81501,106.5959,1440000,0.38297024,28.472115,256.40448,0.11104375
389,17.4275,16.876832,29.99314,119.81193,106.59479,1440000,0.38297004,28.471958,256.39984,0.11104514
390,18.0946,17.406656,29.992609,119.8088,106.593025,1440000,0.3829699,28.47189,256.39444,0.11104722
391,17.3018,16.713728,29.99234,119.80764,106.59184,1440000,0.3829697,28.471956,256.39185,0.11104861
392,17.4389,16.903872,29.992107,119.80581,106.59072,1440000,0.38296953,28.471958,256.38864,0.11105
393,17.6306,17.085952,29.992678,119.80617,106.592285,1440000,0.38296935,28.471878,256.3911,0.11104861
394,17.4375,16.888768,29.992458,119.80317,106.59053,1440000,0.38296917,28.471863,256.38617,0.111050695
395,17.4751,16.949248,29.992771,119.80082,106.590836,1440000,0.382969,28.471668,256.38443,0.111050695
396,17.3913,16.850656,29.99281,119.79873,106.59037,1440000,0.3829688,28.471565,256.3819,0.11105139
397,17.6479,17.082208,29.99249,119.79452,106.58869,1440000,0.38296863,28.471413,256.3757,0.111053474
398,17.8394,16.969728,29.993053,119.79503,106.5902,1440000,0.38296846,28.471344,256.3783,0.11105208
399,17.5793,16.986112,29.993235,119.79329,106.5905,1440000,0.38296828,28.471203,256.377,0.11105208
400,17.8341,17.260896,29.99364,119.79149,106.59137,1440000,0.3829681,28.470966,256.3765,0.11105139
401,17.7342,17.169696,29.993408,119.787415,106.589516,1440000,0.38296792,28.470818,256.37033,0.111053474
402,17.43,16.88512,29.993847,119.78664,106.59029,1440000,0.38296774,28.470686,256.3708,0.11105278
403,17.6276,17.102944,29.993097,119.779594,106.58639,1440000,0.38296756,28.470455,256.35907,0.111056946
404,18.0037,17.453056,29.99364,119.77988,106.587944,1440000,0.38296738,28.470366,256.36145,0.11105555
405,17.4792,16.941056,29.993954,119.77841,106.58886,1440000,0.3829672,28.470161,256.36124,0.11105486
406,19.3828,18.160128,29.993954,119.77722,106.58899,1440000,0.38296703,28.470041,256.36017,0.11105486
407,17.5472,16.984416,29.993065,119.77224,106.58595,1440000,0.38296685,28.469944,256.35126,0.11105833
408,17.6053,17.068032,29.992859,119.771645,106.5856,1440000,0.38296667,28.469994,256.3501,0.111059025
409,17.8259,17.273792,29.992922,119.77189,106.586365,1440000,0.3829665,28.469933,256.3512,0.11105833
410,17.6591,17.126912,29.992683,119.76967,106.585724,1440000,0.38296634,28.469769,256.34808,0.111059025
411,17.5409,17.015296,29.99341,119.771286,106.5886,1440000,0.38296616,28.469635,256.3533,0.11105625
412,17.4335,16.85472,29.993246,119.76866,106.588036,1440000,0.38296598,28.46944,256.34995,0.111056946
413,17.4253,16.872128,29.993315,119.76691,106.58885,1440000,0.38296583,28.469168,256.34906,0.11105625
414,17.6169,17.0288,29.993435,119.76704,106.58962,1440000,0.38296565,28.469103,256.3501,0.11105555
415,17.0595,16.526528,29.993402,119.76606,106.58967,1440000,0.38296548,28.468994,256.34912,0.11105555
416,17.9383,17.401856,29.993002,119.76442,106.588585,1440000,0.38296533,28.469004,256.346,0.111056946
417,17.3661,16.830464,29.992458,119.76093,106.5874,1440000,0.38296515,28.468782,256.3408,0.11105833
418,17.4106,16.872864,29.991835,119.75714,106.58564,1440000,0.382965,28.46863,256.33463,0.11106042
419,17.517,16.984768,29.99274,119.76001,106.5889,1440000,0.38296482,28.468521,256.34164,0.111056946
420,17.7255,17.143808,29.992785,119.75846,106.588936,1440000,0.38296467,28.468357,256.34018,0.111056946
421,18.8732,17.641472,29.993122,119.757355,106.59042,1440000,0.3829645,28.468082,256.34088,0.11105555
422,17.8699,17.31264,29.993166,119.756004,106.59042,1440000,0.3829643,28.467934,256.3396,0.11105555
423,17.8265,17.293504,29.99257,119.750755,106.58798,1440000,0.38296416,28.467728,256.3313,0.11105833
424,17.4318,16.775168,29.992552,119.74853,106.58813,1440000,0.382964,28.467495,256.3292,0.11105833
425,19.7747,19.12832,29.992908,119.74865,106.589714,1440000,0.3829638,28.46737,256.33127,0.111056946
426,17.6857,17.190912,29.992765,119.74589,106.58935,1440000,0.38296363,28.467182,256.328,0.11105764
427,17.4872,16.9136,29.993128,119.74445,106.5902,1440000,0.38296348,28.46698,256.3278,0.111056946
428,17.6215,16.92432,29.993671,119.74376,106.591644,1440000,0.38296333,28.466766,256.32907,0.11105555
429,18.2051,17.240416,29.994635,119.74404,106.59442,1440000,0.38296315,28.466503,256.3331,0.11105278
430,17.2328,16.67296,29.99501,119.741066,106.59489,1440000,0.382963,28.466265,256.33096,0.11105278
431,17.5446,16.887904,29.994797,119.73672,106.592964,1440000,0.38296285,28.46608,256.32446,0.11105486
432,17.4649,16.900448,29.994698,119.73217,106.59186,1440000,0.38296267,28.465797,256.31873,0.11105625
433,18.4043,17.760256,29.994085,119.72602,106.5887,1440000,0.38296252,28.465584,256.3088,0.111059725
434,18.0132,17.364832,29.99391,119.72275,106.58754,1440000,0.38296238,28.46543,256.3042,0.11106111
435,18.7162,18.129344,29.993586,119.71875,106.58564,1440000,0.38296223,28.465273,256.29797,0.1110632
436,18.7281,18.139136,29.993586,119.71678,106.585045,1440000,0.38296205,28.465164,256.2954,0.11106389
437,17.873,17.328672,29.993767,119.71608,106.58526,1440000,0.3829619,28.46513,256.2951,0.11106389
438,16.9639,16.414432,29.993767,119.71493,106.58467,1440000,0.38296172,28.465117,256.29337,0.11106458
439,18.9746,18.344896,29.99351,119.70976,106.581894,1440000,0.3829616,28.464916,256.28516,0.11106736
440,18.0779,17.420448,29.993004,119.70482,106.57871,1440000,0.38296142,28.464848,256.27652,0.111070834
441,17.5412,16.94352,29.992441,119.69856,106.57575,1440000,0.38296127,28.464653,256.26675,0.111074306
442,17.2594,16.689664,29.992285,119.69556,106.57385,1440000,0.3829611,28.464624,256.2617,0.11107639
443,17.9991,17.441408,29.992554,119.69463,106.573166,1440000,0.38296098,28.464653,256.26038,0.111077085
444,20.4273,19.88608,29.99286,119.69301,106.57331,1440000,0.3829608,28.464521,256.2592,0.111077085
445,17.6863,17.145888,29.992924,119.68929,106.57216,1440000,0.38296062,28.464344,256.2544,0.11107847
446,17.5678,16.97472,29.992723,119.68534,106.5703,1440000,0.38296047,28.46421,256.24835,0.11108056
447,17.9362,17.275136,29.992779,119.68214,106.57009,1440000,0.3829603,28.464016,256.245,0.11108125
448,17.8153,17.250304,29.992685,119.6806,106.56897,1440000,0.38296017,28.464066,256.24225,0.111082636
449,17.2269,16.710112,29.992786,119.679504,106.56866,1440000,0.38296,28.464098,256.24094,0.111083336
450,17.8213,17.192128,29.99335,119.67762,106.56969,1440000,0.38295984,28.463888,256.24066,0.111082636
451,17.8927,17.229824,29.993517,119.674446,106.569145,1440000,0.38295972,28.463673,256.23712,0.111083336
452,17.4243,16.808896,29.993618,119.673744,106.568535,1440000,0.38295954,28.463715,256.2359,0.11108403
453,17.847,17.240832,29.993454,119.671425,106.56742,1440000,0.3829594,28.463673,256.2323,0.111085415
454,18.0495,17.367136,29.993048,119.667595,106.56557,1440000,0.38295928,28.463528,256.2262,0.1110875
455,17.9157,17.348256,29.992386,119.66254,106.56292,1440000,0.3829591,28.46331,256.21783,0.11109028
456,17.3995,16.80416,29.991999,119.65806,106.561134,1440000,0.38295895,28.463104,256.21118,0.11109236
457,17.5077,16.950592,29.990862,119.65178,106.55665,1440000,0.3829588,28.463028,256.19928,0.111097224
458,17.5674,17.044576,29.992073,119.655396,106.56069,1440000,0.38295868,28.462948,256.20816,0.11109306
459,17.332,16.804544,29.992311,119.65553,106.56079,1440000,0.3829585,28.463001,256.20862,0.11109306
460,17.8253,17.235968,29.992655,119.65613,106.56167,1440000,0.38295838,28.463024,256.21045,0.11109236
461,17.4062,16.8448,29.99273,119.65524,106.56198,1440000,0.38295823,28.462969,256.20996,0.11109236
462,17.9008,17.231808,29.992743,119.65524,106.56221,1440000,0.38295808,28.462996,256.2102,0.11109236
463,17.7715,17.011424,29.992512,119.65309,106.56164,1440000,0.38295797,28.462847,256.20724,0.11109306
464,17.349,16.578496,29.992281,119.65072,106.561,1440000,0.3829578,28.462662,256.204,0.11109375
465,17.5733,16.7488,29.992186,119.64942,106.56033,1440000,0.38295767,28.462612,256.20193,0.111094445
466,17.463,16.914208,29.992342,119.64938,106.56103,1440000,0.3829575,28.462524,256.20276,0.11109375
467,17.4923,16.848608,29.992281,119.64715,106.560524,1440000,0.38295737,28.46239,256.19995,0.111094445
468,18.2569,17.55136,29.992393,119.6468,106.56062,1440000,0.38295725,28.462376,256.19983,0.111094445
469,17.832,17.264512,29.992954,119.64675,106.562195,1440000,0.38295707,28.462252,256.2019,0.11109306
470,17.6864,17.154048,29.992737,119.64408,106.56098,1440000,0.38295695,28.462152,256.19778,0.111094445
471,17.5999,17.008864,29.992712,119.64167,106.560356,1440000,0.3829568,28.46199,256.19473,0.11109514
472,17.3969,16.844064,29.992817,119.64094,106.56059,1440000,0.38295665,28.461946,256.19434,0.11109514
473,17.4719,16.957184,29.993536,119.64189,106.562744,1440000,0.3829565,28.461838,256.19818,0.11109306
474,17.5805,17.041408,29.99356,119.63944,106.5623,1440000,0.3829564,28.461699,256.1953,0.11109375
475,18.0817,17.547232,29.993437,119.636696,106.56092,1440000,0.38295624,28.46158,256.19104,0.11109514
476,17.6168,16.918528,29.993818,119.634796,106.5611,1440000,0.38295612,28.461433,256.1897,0.11109514
477,18.6128,17.967392,29.993917,119.63271,106.56124,1440000,0.38295594,28.461227,256.18787,0.11109514
478,17.469,16.903648,29.993418,119.6304,106.55942,1440000,0.38295582,28.461246,256.18323,0.111097224
479,17.4847,16.871744,29.993813,119.63182,106.560875,1440000,0.38295567,28.461254,256.18652,0.11109583
480,17.2862,16.766976,29.993368,119.62793,106.55905,1440000,0.38295555,28.461102,256.18036,0.11109792
481,17.5849,17.044352,29.99338,119.62678,106.5594,1440000,0.38295543,28.461016,256.17957,0.11109792
482,17.2317,16.71168,29.993649,119.627426,106.56064,1440000,0.38295525,28.460897,256.1817,0.11109653
483,18.276,17.713152,29.992943,119.625084,106.558174,1440000,0.38295513,28.460999,256.1762,0.1110993
484,18.3785,17.836032,29.992956,119.623886,106.5583,1440000,0.382955,28.46088,256.17514,0.1110993
485,17.9681,17.431168,29.992662,119.62184,106.55696,1440000,0.38295487,28.460827,256.17145,0.111100696
486,17.8887,17.350272,29.992168,119.61725,106.55521,1440000,0.38295472,28.4606,256.1646,0.111102775
487,17.5679,17.022976,29.992767,119.61721,106.55729,1440000,0.3829546,28.460361,256.16727,0.111100696
488,17.6555,17.119232,29.993162,119.61721,106.55904,1440000,0.38295448,28.460243,256.1694,0.1110993
489,17.1548,16.58,29.992224,119.6129,106.55589,1440000,0.38295433,28.4602,256.161,0.111102775
490,18.0551,17.282048,29.99243,119.61364,106.55745,1440000,0.3829542,28.460123,256.1635,0.11110139
491,20.5832,18.044864,29.992718,119.61371,106.55888,1440000,0.38295406,28.459967,256.1653,0.1111
492,18.5843,18.00944,29.992836,119.61169,106.559006,1440000,0.3829539,28.45977,256.1635,0.1111
493,18.2328,17.670912,29.99288,119.61,106.55938,1440000,0.3829538,28.459627,256.16226,0.1111
494,17.5411,17.000384,29.993492,119.61076,106.561264,1440000,0.38295364,28.459457,256.16553,0.11109792
495,18.1027,17.4688,29.99403,119.61225,106.562874,1440000,0.38295352,28.459503,256.16916,0.11109653
496,20.0838,19.234528,29.99398,119.610176,106.56232,1440000,0.38295338,28.459385,256.16647,0.111097224
497,17.5043,16.85712,29.993118,119.60434,106.55845,1440000,0.38295323,28.459278,256.1559,0.11110139
498,17.6417,17.07296,29.993717,119.60415,106.56053,1440000,0.38295314,28.459019,256.1584,0.1110993
499,17.496,16.961536,29.993643,119.60366,106.56002,1440000,0.382953,28.459078,256.15732,0.1111
500,17.4897,16.949248,29.993649,119.60254,106.560234,1440000,0.38295287,28.458977,256.15643,0.1111
501,17.4909,16.96944,29.99302,119.60024,106.55828,1440000,0.38295275,28.45897,256.15155,0.11110208
502,18.0194,17.378816,29.992868,119.599815,106.55838,1440000,0.3829526,28.45892,256.15106,0.11110208
503,18.0986,17.02912,29.993118,119.60075,106.559875,1440000,0.38295248,28.45886,256.15375,0.111100696
504,17.2729,16.740512,29.993256,119.60116,106.560684,1440000,0.38295236,28.458832,256.1551,0.1111
505,17.9821,17.403584,29.993181,119.59825,106.560074,1440000,0.38295224,28.45861,256.1515,0.111100696
506,17.5727,17.0352,29.992987,119.596344,106.55891,1440000,0.38295212,28.458603,256.14822,0.11110208
507,17.4375,16.805728,29.99401,119.59915,106.56226,1440000,0.38295197,28.458511,256.15543,0.11109861
508,17.7362,17.171136,29.9945,119.59943,106.563255,1440000,0.3829519,28.45853,256.1572,0.11109792
509,17.407,16.895392,29.994474,119.59822,106.56244,1440000,0.38295174,28.45848,256.15515,0.11109861
510,17.9446,17.316,29.9944,119.59638,106.56207,1440000,0.38295165,28.458405,256.15286,0.1110993
511,17.8275,17.235808,29.994474,119.597206,106.56207,1440000,0.3829515,28.458504,256.15375,0.1110993
512,17.7771,17.268736,29.994455,119.59513,106.56161,1440000,0.38295138,28.458397,256.15118,0.1111
513,17.3987,16.861856,29.994825,119.594955,106.56257,1440000,0.38295126,28.458347,256.15234,0.1110993
514,17.4793,16.833984,29.994469,119.59154,106.5609,1440000,0.38295114,28.458277,256.1469,0.11110139
515,17.3457,16.775584,29.994781,119.59149,106.56115,1440000,0.38295102,28.458332,256.14743,0.11110139
516,17.7433,17.107264,29.99485,119.591415,106.56051,1440000,0.3829509,28.45844,256.1468,0.11110208
517,17.4901,16.850272,29.994625,119.590324,106.559364,1440000,0.38295078,28.45852,256.14432,0.111103475
518,18.6871,17.609888,29.994513,119.589775,106.558784,1440000,0.38295066,28.458563,256.14307,0.11110417
519,17.9219,17.276928,29.993107,119.58264,106.553505,1440000,0.38295054,28.45845,256.12924,0.11110972
520,17.2497,16.672768,29.99277,119.57935,106.552475,1440000,0.38295043,28.458286,256.1246,0.11111111
521,17.5462,17.0168,29.992813,119.5773,106.55263,1440000,0.38295034,28.45808,256.12274,0.11111111
522,17.5924,17.057344,29.993225,119.57835,106.553955,1440000,0.3829502,28.458038,256.12552,0.11110972
523,17.4977,16.96128,29.992926,119.57699,106.55263,1440000,0.3829501,28.458061,256.12256,0.11111111
524,17.5627,17.022976,29.992338,119.572685,106.54999,1440000,0.38294998,28.457935,256.115,0.11111389
525,17.4681,16.946368,29.993425,119.57682,106.55354,1440000,0.38294986,28.458021,256.12378,0.11111042
526,17.8037,17.072384,29.993881,119.57704,106.55432,1440000,0.38294974,28.458004,256.12524,0.11110972
527,17.8809,17.158144,29.994268,119.576195,106.554535,1440000,0.38294965,28.457977,256.125,0.11110972
528,17.6325,16.76144,29.993856,119.57217,106.55209,1440000,0.3829495,28.457924,256.1181,0.1111125
529,17.9383,17.4008,29.994507,119.57389,106.55353,1440000,0.3829494,28.457993,256.12192,0.11111111
530,17.9814,17.438272,29.994806,119.57525,106.554276,1440000,0.38294932,28.458082,256.12433,0.11111042
531,17.291,16.759616,29.994387,119.57261,106.55225,1440000,0.38294917,28.45805,256.11926,0.1111125
532,18.0425,17.408032,29.994287,119.569534,106.55178,1440000,0.38294908,28.457825,256.1156,0.1111132
533,18.1132,17.532928,29.993732,119.56568,106.54915,1440000,0.38294896,28.457752,256.10858,0.11111597
534,17.5023,16.98192,29.993338,119.561905,106.546646,1440000,0.38294888,28.457722,256.10187,0.11111875
535,17.7244,17.16896,29.99312,119.559135,106.5449,1440000,0.38294876,28.45773,256.09717,0.111120835
536,18.1409,17.629184,29.993044,119.5573,106.54382,1440000,0.38294864,28.457752,256.09418,0.11112222
537,17.7391,17.18464,29.992975,119.554886,106.542336,1440000,0.38294852,28.457668,256.0902,0.111123614
538,17.4781,16.94096,29.9932,119.5558,106.54276,1440000,0.38294843,28.457842,256.09177,0.111123614
539,17.4727,16.939584,29.993069,119.554115,106.54224,1440000,0.38294834,28.457758,256.08942,0.11112431
540,17.9081,17.315488,29.993088,119.553925,106.54245,1440000,0.38294822,28.457764,256.08948,0.11112431
541,18.4111,17.848928,29.99317,119.55245,106.54271,1440000,0.3829481,28.457638,256.08832,0.11112431
542,18.6128,18.0592,29.993244,119.552315,106.54265,1440000,0.382948,28.457624,256.0882,0.11112431
543,17.6381,17.086464,29.993713,119.55317,106.54414,1440000,0.3829479,28.45758,256.091,0.11112291
544,18.4109,17.624096,29.993612,119.55015,106.543526,1440000,0.3829478,28.457344,256.08728,0.111123614
545,17.8587,17.298976,29.993889,119.55037,106.5444,1440000,0.38294768,28.45732,256.08865,0.11112291
546,17.7346,17.076224,29.99435,119.55237,106.54595,1440000,0.3829476,28.457409,256.09268,0.11112153
547,34.9762,34.021632,29.994051,119.55107,106.54491,1440000,0.38294747,28.45747,256.09003,0.11112291
548,17.8884,17.210592,29.993958,119.54842,106.54452,1440000,0.38294727,28.4573,256.0869,0.111123614
549,17.2818,16.710368,29.994194,119.547325,106.54496,1440000,0.38294718,28.457254,256.0865,0.111123614
550,17.4288,16.891904,29.994282,119.545555,106.54447,1440000,0.3829471,28.457191,256.08432,0.11112431
551,17.7524,17.214144,29.994026,119.54329,106.54247,1440000,0.38294697,28.457222,256.0798,0.111126386
552,18.9945,18.42176,29.99357,119.538536,106.5402,1440000,0.3829469,28.457102,256.0723,0.111129165
553,17.7276,17.169376,29.993933,119.53838,106.54089,1440000,0.3829468,28.457024,256.0732,0.11112847
554,17.3619,16.809984,29.993795,119.53606,106.53962,1440000,0.3829467,28.456964,256.06946,0.11112986
555,17.914,17.240384,29.994076,119.53618,106.54041,1440000,0.3829466,28.45692,256.07068,0.111129165
556,17.3521,16.786816,29.994045,119.53588,106.54003,1440000,0.3829465,28.457018,256.06995,0.11112986
557,17.2517,16.700384,29.994057,119.534355,106.53923,1440000,0.3829464,28.45694,256.06763,0.11113056
558,17.5526,16.984352,29.993895,119.532036,106.53804,1440000,0.3829463,28.456886,256.06396,0.111131944
559,17.9924,17.34656,29.993233,119.52733,106.53482,1440000,0.38294622,28.456821,256.0554,0.111135416
560,18.075,17.182496,29.99309,119.52434,106.53352,1440000,0.38294613,28.456686,256.05096,0.11113681
561,18.2423,17.268832,29.993238,119.52326,106.533516,1440000,0.38294604,28.45658,256.05002,0.11113681
562,17.4348,16.89616,29.992739,119.52121,106.531555,1440000,0.38294595,28.456612,256.0455,0.11113889
563,18.042,17.409248,29.992664,119.52076,106.53162,1440000,0.38294587,28.456562,256.04504,0.11113889
564,17.6623,17.089312,29.992146,119.51858,106.5306,1440000,0.38294578,28.456503,256.04132,0.11114028
565,17.4783,16.853376,29.992332,119.519775,106.5316,1440000,0.3829457,28.45659,256.0437,0.11113958
566,17.419,16.853344,29.992514,119.51898,106.532265,1440000,0.3829456,28.456419,256.04376,0.11113889
567,17.7894,17.247264,29.992228,119.51655,106.53104,1440000,0.3829455,28.456337,256.0398,0.11114028
568,17.7867,17.24032,29.99304,119.51858,106.53397,1440000,0.38294542,28.456268,256.0456,0.1111375
569,17.5802,17.041696,29.993277,119.51941,106.53471,1440000,0.38294533,28.456291,256.0474,0.11113681
570,17.6811,17.076032,29.993101,119.51897,106.534195,1440000,0.38294524,28.456343,256.04626,0.1111375
571,18.1079,17.26912,29.992815,119.517296,106.53287,1440000,0.38294515,28.456331,256.04297,0.11113889
572,18.4132,17.792736,29.993145,119.517815,106.53355,1440000,0.3829451,28.456326,256.0445,0.111138195
573,18.4088,17.55136,29.993296,119.51657,106.53368,1440000,0.382945,28.456219,256.04355,0.111138195
574,17.9582,17.359008,29.993765,119.516655,106.53456,1440000,0.3829449,28.456198,256.04498,0.1111375
575,18.0127,17.272832,29.993626,119.514534,106.5333,1440000,0.38294482,28.456165,256.04147,0.11113889
576,18.7215,18.158144,29.99332,119.511856,106.531494,1440000,0.38294473,28.456165,256.03668,0.111140974
577,17.9442,17.372864,29.993677,119.51178,106.53216,1440000,0.38294464,28.45609,256.03763,0.11114028
578,18.1155,17.311744,29.993196,119.51002,106.52976,1440000,0.38294455,28.456287,256.033,0.11114305
579,18.4846,17.355616,29.992765,119.505554,106.527084,1440000,0.38294446,28.456158,256.0254,0.11114583
580,18.2861,17.634752,29.992334,119.501465,106.524635,1440000,0.38294438,28.456093,256.01843,0.11114861
581,18.0405,17.158784,29.99236,119.49967,106.52413,1440000,0.38294432,28.45602,256.01617,0.1111493
582,18.16,17.604064,29.992672,119.5004,106.52507,1440000,0.38294423,28.456059,256.01813,0.11114861
583,18.1757,17.625088,29.992302,119.49728,106.523224,1440000,0.38294417,28.456001,256.01282,0.1111507
584,18.135,17.57984,29.991459,119.493095,106.51995,1440000,0.38294408,28.455967,256.00452,0.11115417
585,18.1563,17.560544,29.992052,119.49377,106.52138,1440000,0.382944,28.45591,256.0072,0.111152776
586,18.5659,18.018976,29.992203,119.4936,106.52151,1440000,0.3829439,28.455925,256.00732,0.111152776
587,18.6579,18.130592,29.992208,119.49272,106.520775,1440000,0.38294384,28.455921,256.0057,0.111153476
588,19.2213,18.560288,29.992266,119.493996,106.52081,1440000,0.38294375,28.456076,256.00708,0.111153476
589,19.123,18.518464,29.99309,119.49704,106.523476,1440000,0.3829437,28.45609,256.0136,0.1111507
590,19.4925,18.941952,29.993422,119.49653,106.524254,1440000,0.3829436,28.455978,256.0142,0.11115
591,19.1996,18.663904,29.993364,119.49635,106.52375,1440000,0.38294354,28.456076,256.01346,0.1111507
592,19.7154,19.1512,29.993208,119.495964,106.52239,1440000,0.38294345,28.456219,256.01157,0.11115208
593,19.7748,19.148896,29.993902,119.4996,106.52459,1440000,0.38294336,28.456411,256.0181,0.11115
594,19.7143,19.152736,29.993715,119.49731,106.52331,1440000,0.3829433,28.456348,256.01434,0.11115139
595,20.5861,19.709088,29.993658,119.49544,106.522026,1440000,0.3829432,28.456348,256.0111,0.111152776
596,20.2088,19.667456,29.993603,119.49327,106.5207,1440000,0.38294312,28.456308,256.00757,0.11115417
597,22.1351,21.239808,29.993927,119.492645,106.52078,1440000,0.38294306,28.456284,256.00735,0.11115417
598,21.7012,21.216864,29.994202,119.493195,106.5208,1440000,0.38294297,28.456377,256.00818,0.11115417
599,22.2303,21.594112,29.994696,119.49482,106.52132,1440000,0.3829429,28.456491,256.01083,0.111153476
